-- =========================================================
-- INSTITUTO FEDERAL DE EDUCAÇÃO, CIÊNCIA E TECNOLOGIA DE SÃO PAULO
-- Aluno: Nietzsche Souza Rodolfo
-- Trabalho: Exercícios de SQL – Aplicação Prática em Banco de Dados Relacional
-- Arquivo único contendo:
--   1) Criação das tabelas
--   2) Inserção de dados
--   3) Resolução dos exercícios 16 ao 33
-- =========================================================

-- =========================================================
-- LIMPEZA DO AMBIENTE
-- =========================================================


-- =========================================================
-- CRIAÇÃO DAS TABELAS
-- =========================================================

CREATE TABLE CUSTOMER (
    CUS_CODE     INT PRIMARY KEY,
    CUS_LNAME    VARCHAR(30) NOT NULL,
    CUS_FNAME    VARCHAR(30) NOT NULL,
    CUS_INITIAL  CHAR(1),
    CUS_AREACODE CHAR(3),
    CUS_PHONE    VARCHAR(15),
    CUS_BALANCE  DECIMAL(10,2) DEFAULT 0.00
);

CREATE TABLE INVOICE (
    INV_NUMBER INT PRIMARY KEY,
    CUS_CODE   INT NOT NULL,
    INV_DATE   DATE NOT NULL,
    CONSTRAINT FK_INVOICE_CUSTOMER
        FOREIGN KEY (CUS_CODE) REFERENCES CUSTOMER (CUS_CODE)
);

CREATE TABLE PRODUCT (
    P_CODE      VARCHAR(10) PRIMARY KEY,
    P_DESCRIPT  VARCHAR(60) NOT NULL,
    P_INDATE    DATE,
    P_QOH       INT NOT NULL,
    P_MIN       INT,
    P_PRICE     DECIMAL(10,2) NOT NULL,
    P_DISCOUNT  DECIMAL(5,2) DEFAULT 0.00
);

CREATE TABLE LINE (
    INV_NUMBER  INT NOT NULL,
    LINE_NUMBER INT NOT NULL,
    P_CODE      VARCHAR(10) NOT NULL,
    LINE_UNITS  INT NOT NULL,
    LINE_PRICE  DECIMAL(10,2) NOT NULL,
    CONSTRAINT PK_LINE PRIMARY KEY (INV_NUMBER, LINE_NUMBER),
    CONSTRAINT FK_LINE_INVOICE
        FOREIGN KEY (INV_NUMBER) REFERENCES INVOICE (INV_NUMBER),
    CONSTRAINT FK_LINE_PRODUCT
        FOREIGN KEY (P_CODE) REFERENCES PRODUCT (P_CODE)
);

-- =========================================================
-- INSERÇÃO DE DADOS
-- Base de dados montada para refletir a estrutura usada no relatório.
-- =========================================================

INSERT INTO CUSTOMER (CUS_CODE, CUS_LNAME, CUS_FNAME, CUS_INITIAL, CUS_AREACODE, CUS_PHONE, CUS_BALANCE) VALUES
(10010, 'Ramos',     'Alfred',  'A', '615', '844-2573', 0.00),
(10011, 'Dunne',     'Leona',   'K', '713', '894-1238', 345.86),
(10012, 'Smith',     'Kathy',   'W', '615', '894-2285', 0.00),
(10013, 'Oliver',    'Paul',    'F', '615', '894-2180', 536.75),
(10014, 'Orlando',   'Myron',   NULL,'615', '222-1672', 0.00),
(10015, 'OBrien',    'Amy',     'B', '713', '442-3381', 0.00),
(10016, 'Brown',     'James',   'G', '615', '297-1228', 221.19),
(10017, 'Williams',  'George',  NULL,'615', '290-2556', 768.93),
(10018, 'Faris',     'Anne',    'G', '713', '382-7185', 216.55),
(10019, 'Smith',     'Olette',  'K', '615', '297-3809', 0.00);

INSERT INTO INVOICE (INV_NUMBER, CUS_CODE, INV_DATE) VALUES
(1001, 10014, '2008-01-16'),
(1002, 10011, '2008-01-16'),
(1003, 10012, '2008-01-16'),
(1004, 10011, '2008-01-17'),
(1005, 10018, '2008-01-17'),
(1006, 10014, '2008-01-17'),
(1007, 10015, '2008-01-17'),
(1008, 10011, '2008-01-17');

INSERT INTO PRODUCT (P_CODE, P_DESCRIPT, P_INDATE, P_QOH, P_MIN, P_PRICE, P_DISCOUNT) VALUES
('13-Q2/P2',  'Rat-tail file, 1/8-in. fine', '2007-12-13', 43, 20,   4.99,   0.00),
('23109-HB',  'Claw hammer',                 '2008-01-20', 23, 10,   9.95,   0.10),
('54778-2T',  'Rat-tail file, 1/8-in. fine', '2007-12-15', 39, 20,   4.99,   0.00),
('89-WRE-Q',  'PVC pipe, 3.5-in., 8-ft',     '2007-11-06', 188, 75,  5.87,   0.00),
('PVC23DRT',  'PVC pipe, 3.5-in., 8-ft',     '2007-02-20', 188, 75,  5.87,   0.00),
('SM-18277',  '1.25-in. metal screw, 25',    '2008-03-01', 172, 75,  6.99,   0.00),
('SW-23116',  '2.5-in. wd. screw, 50',       '2008-02-24', 237, 100, 8.45,   0.00),
('WR3/TT3',   'Steel matting, 4''x8''x1/6'', 5 mesh', '2008-01-17', 18, 5, 119.95, 0.10),
('2232/QTY',  'B&D jigsaw, 12-in. blade',    '2007-12-30', 8,  5,  109.92,  0.05),
('1546-QQ2',  'Hrd. cloth, 1/4-in., 2x50',   '2008-01-15', 15, 8,   39.95,  0.00),
('89-ER4',    'B&D cordless drill, 1/2-in.', '2008-01-20', 12, 5,   38.95,  0.05),
('1558-QW1',  'Hrd. cloth, 1/2-in., 3x50',   '2008-01-15', 23, 5,   43.99,  0.00),
('90-QQ1',    '7.25-in. pwr. saw blade',     '2007-12-06', 32, 15,  14.99,  0.00),
('PVC22RRT',  'PVC pipe, 3.5-in., 8-ft',     '2007-11-06', 188, 75,  5.87,   0.00),
('BRT-345',   'Hicut chain saw, 16 in.',     '2008-01-08', 11, 4,  256.99,  0.00),
('BRT-786',   'B&D jigsaw, 8-in. blade',     '2007-12-24', 6,  5,   99.87,  0.00),
('SLD-12LB',  'Sledge hammer, 12 lb.',       '2007-12-23', 8,  3,   14.40,  0.00);

INSERT INTO LINE (INV_NUMBER, LINE_NUMBER, P_CODE, LINE_UNITS, LINE_PRICE) VALUES
(1001, 1, '13-Q2/P2', 1,   14.99),
(1001, 2, '23109-HB', 1,    9.95),

(1002, 1, '54778-2T', 2,    4.99),

(1003, 1, '90-QQ1',   5,   14.99),
(1003, 2, '89-ER4',   1,   38.95),
(1003, 3, '1546-QQ2', 1,   39.95),

(1004, 1, '54778-2T', 3,    4.99),
(1004, 2, '23109-HB', 2,    9.95),

(1005, 1, 'PVC23DRT',12,    5.87),

(1006, 1, 'SM-18277', 3,    6.99),
(1006, 2, '2232/QTY', 1,  109.92),
(1006, 3, '23109-HB', 1,    9.95),
(1006, 4, 'BRT-345',  1,  256.99),

(1007, 1, '90-QQ1',   2,   14.99),
(1007, 2, '13-Q2/P2', 1,    4.99),

(1008, 1, '23109-HB', 1,    9.95),
(1008, 2, 'PVC22RRT', 5,    5.87),
(1008, 3, 'WR3/TT3',  3,  119.95);

-- =========================================================
-- RESOLUÇÃO DOS EXERCÍCIOS 16 A 33
-- O comentário de cada bloco é o enunciado do exercício.
-- =========================================================

-- Exercício 16
-- Escreva uma consulta que conte o número de faturas.
SELECT COUNT(*) AS total_faturas
FROM INVOICE;

-- Exercício 17
-- Escreva uma consulta que conte o número de clientes com saldo superior a US$ 500.
SELECT COUNT(*) AS clientes_saldo_maior_500
FROM CUSTOMER
WHERE CUS_BALANCE > 500;

-- Exercício 18
-- Gere uma listagem de todas as compras feitas por clientes.
SELECT C.CUS_CODE,
       I.INV_NUMBER,
       I.INV_DATE,
       P.P_DESCRIPT,
       L.LINE_UNITS,
       L.LINE_PRICE
FROM CUSTOMER C
JOIN INVOICE I ON C.CUS_CODE = I.CUS_CODE
JOIN LINE L ON I.INV_NUMBER = L.INV_NUMBER
JOIN PRODUCT P ON L.P_CODE = P.P_CODE
ORDER BY C.CUS_CODE, I.INV_NUMBER, L.LINE_NUMBER;

-- Exercício 19
-- Gere uma lista de compras de clientes, incluindo os subtotais de cada número de linha de fatura.
SELECT C.CUS_CODE,
       I.INV_NUMBER,
       P.P_DESCRIPT,
       L.LINE_UNITS AS units_bought,
       L.LINE_PRICE AS unit_price,
       (L.LINE_UNITS * L.LINE_PRICE) AS subtotal
FROM CUSTOMER C
JOIN INVOICE I ON C.CUS_CODE = I.CUS_CODE
JOIN LINE L ON I.INV_NUMBER = L.INV_NUMBER
JOIN PRODUCT P ON L.P_CODE = P.P_CODE
ORDER BY C.CUS_CODE, I.INV_NUMBER, L.LINE_NUMBER;

-- Exercício 20
-- Modifique a consulta utilizada no Problema 19 para produzir o resumo apresentado na Figura P7.18.
SELECT C.CUS_CODE,
       C.CUS_BALANCE,
       SUM(L.LINE_UNITS * L.LINE_PRICE) AS total_purchases
FROM CUSTOMER C
JOIN INVOICE I ON C.CUS_CODE = I.CUS_CODE
JOIN LINE L ON I.INV_NUMBER = L.INV_NUMBER
GROUP BY C.CUS_CODE, C.CUS_BALANCE
ORDER BY C.CUS_CODE;

-- Exercício 21
-- Modifique a consulta do Problema 20 para incluir o número de compras individuais de produtos feitas por cliente.
SELECT C.CUS_CODE,
       C.CUS_BALANCE,
       SUM(L.LINE_UNITS * L.LINE_PRICE) AS total_purchases,
       COUNT(*) AS number_of_purchases
FROM CUSTOMER C
JOIN INVOICE I ON C.CUS_CODE = I.CUS_CODE
JOIN LINE L ON I.INV_NUMBER = L.INV_NUMBER
GROUP BY C.CUS_CODE, C.CUS_BALANCE
ORDER BY C.CUS_CODE;

-- Exercício 22
-- Utilize uma consulta para computar a quantia média de compras por produto feita por cliente.
SELECT C.CUS_CODE,
       C.CUS_BALANCE,
       SUM(L.LINE_UNITS * L.LINE_PRICE) AS total_purchases,
       COUNT(*) AS number_of_purchases,
       ROUND(SUM(L.LINE_UNITS * L.LINE_PRICE) / COUNT(*), 2) AS average_purchase_amount
FROM CUSTOMER C
JOIN INVOICE I ON C.CUS_CODE = I.CUS_CODE
JOIN LINE L ON I.INV_NUMBER = L.INV_NUMBER
GROUP BY C.CUS_CODE, C.CUS_BALANCE
ORDER BY C.CUS_CODE;

-- Exercício 23
-- Crie uma consulta para produzir as compras totais por fatura.
SELECT INV_NUMBER,
       ROUND(SUM(LINE_UNITS * LINE_PRICE), 2) AS invoice_total
FROM LINE
GROUP BY INV_NUMBER
ORDER BY INV_NUMBER;

-- Exercício 24
-- Utilize uma consulta para mostrar as faturas e totais de faturas conforme apresentado na Figura P7.22.
SELECT I.CUS_CODE,
       I.INV_NUMBER,
       ROUND(SUM(L.LINE_UNITS * L.LINE_PRICE), 2) AS invoice_total
FROM INVOICE I
JOIN LINE L ON I.INV_NUMBER = L.INV_NUMBER
GROUP BY I.CUS_CODE, I.INV_NUMBER
ORDER BY I.CUS_CODE, I.INV_NUMBER;

-- Exercício 25
-- Escreva uma consulta que produza o número de faturas e as quantias totais de compras por cliente.
SELECT I.CUS_CODE,
       COUNT(DISTINCT I.INV_NUMBER) AS number_of_invoices,
       ROUND(SUM(L.LINE_UNITS * L.LINE_PRICE), 2) AS total_customer_purchases
FROM INVOICE I
JOIN LINE L ON I.INV_NUMBER = L.INV_NUMBER
GROUP BY I.CUS_CODE
ORDER BY I.CUS_CODE;

-- Exercício 26
-- Utilizando os resultados do Problema 25 como base, escreva uma consulta que gere o número total de faturas, o total de todas as faturas, o menor e maior valor de fatura, e o valor médio de todas as faturas.
SELECT COUNT(*) AS total_invoices,
       ROUND(SUM(invoice_total), 2) AS total_sales,
       ROUND(MIN(invoice_total), 2) AS minimum_sale,
       ROUND(MAX(invoice_total), 2) AS largest_sale,
       ROUND(AVG(invoice_total), 2) AS average_sale
FROM (
    SELECT INV_NUMBER,
           SUM(LINE_UNITS * LINE_PRICE) AS invoice_total
    FROM LINE
    GROUP BY INV_NUMBER
) AS invoice_summary;

-- Exercício 27
-- Liste as características dos saldos dos clientes que fizeram compras durante o ciclo atual de faturas.
SELECT DISTINCT C.CUS_CODE,
       C.CUS_BALANCE
FROM CUSTOMER C
JOIN INVOICE I ON C.CUS_CODE = I.CUS_CODE
ORDER BY C.CUS_CODE;

-- Exercício 28
-- Utilizando os resultados da consulta criada no Problema 27, forneça um resumo das características dos saldos dos clientes.
SELECT MIN(CUS_BALANCE) AS minimum_balance,
       MAX(CUS_BALANCE) AS maximum_balance,
       ROUND(AVG(CUS_BALANCE), 2) AS average_balance
FROM CUSTOMER
WHERE CUS_CODE IN (
    SELECT DISTINCT CUS_CODE
    FROM INVOICE
);

-- Exercício 29
-- Crie uma consulta que encontre as características de saldos de todos os clientes, incluindo o total de saldos a receber.
SELECT ROUND(SUM(CUS_BALANCE), 2) AS total_balances,
       MIN(CUS_BALANCE) AS minimum_balance,
       MAX(CUS_BALANCE) AS maximum_balance,
       ROUND(AVG(CUS_BALANCE), 2) AS average_balance
FROM CUSTOMER;

-- Exercício 30
-- Obtenha a listagem de clientes que não fizeram compras durante o período de faturamento.
SELECT CUS_CODE,
       CUS_BALANCE
FROM CUSTOMER
WHERE CUS_CODE NOT IN (
    SELECT DISTINCT CUS_CODE
    FROM INVOICE
)
ORDER BY CUS_CODE;

-- Exercício 31
-- Obtenha o resumo dos saldos de todos os clientes que não fizeram compras durante o período atual de faturamento.
SELECT ROUND(SUM(CUS_BALANCE), 2) AS total_balance,
       MIN(CUS_BALANCE) AS minimum_balance,
       MAX(CUS_BALANCE) AS maximum_balance,
       ROUND(AVG(CUS_BALANCE), 2) AS average_balance
FROM CUSTOMER
WHERE CUS_CODE NOT IN (
    SELECT DISTINCT CUS_CODE
    FROM INVOICE
);

-- Exercício 32
-- Crie uma consulta para produzir o resumo do valor dos produtos atualmente em estoque.
SELECT P_DESCRIPT,
       P_QOH,
       P_PRICE,
       ROUND(P_QOH * P_PRICE, 2) AS subtotal
FROM PRODUCT
ORDER BY subtotal DESC;

-- Exercício 33
-- Utilizando os resultados da consulta criada no Problema 32, obtenha o valor total do estoque de produtos.
SELECT ROUND(SUM(P_QOH * P_PRICE), 2) AS total_value_of_inventory
FROM PRODUCT;